episode,frames,train_return,train_success,test_success_rate,ratio,epsilon
0,140,0.8599999999999999,1,nan,1.0,0.9992999999999954
1,290,-0.1500000000000001,0,nan,1.0,0.9985499999999905
2,440,-0.1500000000000001,0,nan,0.9933333333333333,0.9977999999999856
3,590,-0.1500000000000001,0,nan,1.0,0.9970499999999807
4,740,-0.1500000000000001,0,nan,1.0,0.9962999999999758
5,886,0.8539999999999999,1,nan,0.9931506849315068,0.995569999999971
6,1036,-0.1500000000000001,0,nan,1.0,0.9948199999999661
7,1186,-0.1500000000000001,0,nan,0.9933333333333333,0.9940699999999612
8,1336,-0.1500000000000001,0,nan,0.9933333333333333,0.9933199999999562
9,1486,-0.1500000000000001,0,nan,1.0,0.9925699999999513
10,1625,0.8609999999999999,1,nan,0.9928057553956835,0.9918749999999468
11,1775,-0.1500000000000001,0,nan,1.0,0.9911249999999419
12,1925,-0.1500000000000001,0,nan,1.0,0.990374999999937
13,2075,-0.1500000000000001,0,nan,0.9933333333333333,0.989624999999932
14,2225,-0.1500000000000001,0,nan,1.0,0.9888749999999271
15,2375,-0.1500000000000001,0,nan,0.9866666666666667,0.9881249999999222
16,2525,-0.1500000000000001,0,nan,0.9933333333333333,0.9873749999999173
17,2675,-0.1500000000000001,0,nan,0.9866666666666667,0.9866249999999124
18,2821,0.8539999999999999,1,nan,1.0,0.9858949999999076
19,2970,0.8509999999999999,1,nan,0.9932885906040269,0.9851499999999027
20,3114,0.8559999999999999,1,nan,0.9722222222222222,0.984429999999898
21,3256,0.8579999999999999,1,nan,0.9859154929577465,0.9837199999998933
22,3403,0.8529999999999999,1,nan,0.9863945578231292,0.9829849999998885
23,3553,-0.1500000000000001,0,nan,0.98,0.9822349999998836
24,3702,0.8509999999999999,1,nan,0.9932885906040269,0.9814899999998787
25,3852,-0.1500000000000001,0,nan,0.98,0.9807399999998738
26,4002,-0.1500000000000001,0,nan,1.0,0.9799899999998689
27,4152,-0.1500000000000001,0,nan,0.9866666666666667,0.979239999999864
28,4302,-0.1500000000000001,0,nan,0.9866666666666667,0.9784899999998591
29,4438,0.8639999999999999,1,0.0,0.9779411764705882,0.9778099999998546
30,4586,0.8519999999999999,1,nan,0.9864864864864865,0.9770699999998498
31,4736,-0.1500000000000001,0,nan,0.98,0.9763199999998449
32,4886,-0.1500000000000001,0,nan,0.9866666666666667,0.97556999999984
33,5032,0.8539999999999999,1,nan,0.9794520547945206,0.9748399999998352
34,5182,-0.1500000000000001,0,nan,0.9733333333333334,0.9740899999998303
35,5332,-0.1500000000000001,0,nan,0.9666666666666667,0.9733399999998253
36,5471,0.8609999999999999,1,nan,0.9712230215827338,0.9726449999998208
37,5616,0.8549999999999999,1,nan,0.993103448275862,0.971919999999816
38,5761,0.8549999999999999,1,nan,0.9793103448275862,0.9711949999998113
39,5911,-0.1500000000000001,0,nan,0.9866666666666667,0.9704449999998064
40,6061,-0.1500000000000001,0,nan,0.9733333333333334,0.9696949999998015
41,6208,0.8529999999999999,1,nan,0.9795918367346939,0.9689599999997967
42,6353,0.8549999999999999,1,nan,0.9724137931034482,0.9682349999997919
43,6503,-0.1500000000000001,0,nan,0.9866666666666667,0.967484999999787
44,6644,0.8589999999999999,1,nan,0.9716312056737588,0.9667799999997824
45,6787,0.8569999999999999,1,nan,0.9440559440559441,0.9660649999997777
46,6929,0.8579999999999999,1,nan,0.9647887323943662,0.965354999999773
47,7079,-0.1500000000000001,0,nan,0.9533333333333334,0.9646049999997681
48,7228,0.8509999999999999,1,nan,0.9530201342281879,0.9638599999997632
49,7366,0.8619999999999999,1,nan,0.9492753623188406,0.9631699999997587
50,7511,0.8549999999999999,1,nan,0.9655172413793104,0.962444999999754
51,7661,-0.1500000000000001,0,nan,0.96,0.9616949999997491
52,7798,0.8629999999999999,1,nan,0.9781021897810219,0.9610099999997446
53,7948,0.8499999999999999,1,nan,0.98,0.9602599999997397
54,8094,0.8539999999999999,1,nan,0.9794520547945206,0.9595299999997349
55,8244,-0.1500000000000001,0,nan,0.9533333333333334,0.95877999999973
56,8391,0.8529999999999999,1,nan,0.9455782312925171,0.9580449999997251
57,8531,0.8599999999999999,1,nan,0.9214285714285714,0.9573449999997206
58,8681,-0.1500000000000001,0,nan,0.9666666666666667,0.9565949999997156
59,8831,-0.1500000000000001,0,0.13,0.9666666666666667,0.9558449999997107
60,8981,-0.1500000000000001,0,nan,0.9733333333333334,0.9550949999997058
61,9130,0.8509999999999999,1,nan,0.9731543624161074,0.9543499999997009
62,9280,-0.1500000000000001,0,nan,0.9733333333333334,0.953599999999696
63,9430,-0.1500000000000001,0,nan,0.9733333333333334,0.9528499999996911
64,9580,-0.1500000000000001,0,nan,0.98,0.9520999999996862
65,9730,-0.1500000000000001,0,nan,0.9666666666666667,0.9513499999996813
66,9869,0.8609999999999999,1,nan,0.9280575539568345,0.9506549999996767
67,10019,-0.1500000000000001,0,nan,0.9533333333333334,0.9499049999996718
68,10156,0.8629999999999999,1,nan,0.9781021897810219,0.9492199999996673
69,10306,-0.1500000000000001,0,nan,0.98,0.9484699999996624
70,10448,0.8579999999999999,1,nan,0.9507042253521126,0.9477599999996578
71,10590,0.8579999999999999,1,nan,0.9647887323943662,0.9470499999996531
72,10740,-0.1500000000000001,0,nan,0.9533333333333334,0.9462999999996482
73,10890,-0.1500000000000001,0,nan,0.9866666666666667,0.9455499999996433
74,11040,-0.1500000000000001,0,nan,0.98,0.9447999999996384
75,11186,0.8539999999999999,1,nan,0.958904109589041,0.9440699999996336
76,11328,0.8579999999999999,1,nan,0.9577464788732394,0.9433599999996289
77,11478,-0.1500000000000001,0,nan,0.96,0.942609999999624
78,11628,-0.1500000000000001,0,nan,0.96,0.9418599999996191
79,11774,0.8539999999999999,1,nan,0.958904109589041,0.9411299999996143
80,11921,0.8529999999999999,1,nan,0.9591836734693877,0.9403949999996095
81,12071,-0.1500000000000001,0,nan,0.96,0.9396449999996046
82,12221,-0.1500000000000001,0,nan,0.96,0.9388949999995997
83,12369,0.8519999999999999,1,nan,0.9256756756756757,0.9381549999995948
84,12509,0.8599999999999999,1,nan,0.9714285714285714,0.9374549999995903
85,12659,-0.1500000000000001,0,nan,0.98,0.9367049999995853
86,12809,-0.1500000000000001,0,nan,0.9466666666666667,0.9359549999995804
87,12959,-0.1500000000000001,0,nan,0.96,0.9352049999995755
88,13102,0.8569999999999999,1,nan,0.9440559440559441,0.9344899999995708
89,13252,-0.1500000000000001,0,0.03,0.96,0.9337399999995659
90,13402,-0.1500000000000001,0,nan,0.9466666666666667,0.932989999999561
91,13552,-0.1500000000000001,0,nan,0.9733333333333334,0.9322399999995561
92,13702,-0.1500000000000001,0,nan,0.9666666666666667,0.9314899999995512
93,13852,-0.1500000000000001,0,nan,0.96,0.9307399999995463
94,14002,-0.1500000000000001,0,nan,0.9333333333333333,0.9299899999995414
95,14152,-0.1500000000000001,0,nan,0.94,0.9292399999995364
96,14297,0.8549999999999999,1,nan,0.9172413793103448,0.9285149999995317
97,14447,-0.1500000000000001,0,nan,0.94,0.9277649999995268
98,14597,-0.1500000000000001,0,nan,0.9266666666666666,0.9270149999995219
99,14747,-0.1500000000000001,0,nan,0.9333333333333333,0.926264999999517
100,14889,0.8579999999999999,1,nan,0.9577464788732394,0.9255549999995123
101,15031,0.8579999999999999,1,nan,0.9295774647887324,0.9248449999995076
102,15181,-0.1500000000000001,0,nan,0.9266666666666666,0.9240949999995027
103,15320,0.8609999999999999,1,nan,0.9640287769784173,0.9233999999994982
104,15468,0.8519999999999999,1,nan,0.9459459459459459,0.9226599999994933
105,15606,0.8619999999999999,1,nan,0.9565217391304348,0.9219699999994888
106,15755,0.8509999999999999,1,nan,0.9530201342281879,0.9212249999994839
107,15905,-0.1500000000000001,0,nan,0.9133333333333333,0.920474999999479
108,16047,0.8579999999999999,1,nan,0.9507042253521126,0.9197649999994744
109,16197,-0.1500000000000001,0,nan,0.94,0.9190149999994695
110,16337,0.8599999999999999,1,nan,0.9357142857142857,0.9183149999994649
111,16483,0.8539999999999999,1,nan,0.9657534246575342,0.9175849999994601
112,16622,0.8609999999999999,1,nan,0.920863309352518,0.9168899999994555
113,16764,0.8579999999999999,1,nan,0.9436619718309859,0.9161799999994509
114,16908,0.8559999999999999,1,nan,0.9236111111111112,0.9154599999994462
115,17058,-0.1500000000000001,0,nan,0.86,0.9147099999994412
116,17208,-0.1500000000000001,0,nan,0.94,0.9139599999994363
117,17358,-0.1500000000000001,0,nan,0.9133333333333333,0.9132099999994314
118,17501,0.8569999999999999,1,nan,0.951048951048951,0.9124949999994267
119,17651,-0.1500000000000001,0,0.1,0.9533333333333334,0.9117449999994218
120,17801,-0.1500000000000001,0,nan,0.9266666666666666,0.9109949999994169
121,17951,-0.1500000000000001,0,nan,0.9333333333333333,0.910244999999412
122,18101,-0.1500000000000001,0,nan,0.9333333333333333,0.9094949999994071
123,18251,-0.1500000000000001,0,nan,0.9533333333333334,0.9087449999994022
124,18397,0.8539999999999999,1,nan,0.9246575342465754,0.9080149999993974
125,18547,-0.1500000000000001,0,nan,0.92,0.9072649999993925
126,18697,-0.1500000000000001,0,nan,0.9466666666666667,0.9065149999993876
127,18847,-0.1500000000000001,0,nan,0.94,0.9057649999993826
128,18993,0.8539999999999999,1,nan,0.952054794520548,0.9050349999993779
129,19143,-0.1500000000000001,0,nan,0.94,0.904284999999373
130,19279,0.8639999999999999,1,nan,0.9338235294117647,0.9036049999993685
131,19429,-0.1500000000000001,0,nan,0.9533333333333334,0.9028549999993636
132,19570,0.8589999999999999,1,nan,0.950354609929078,0.902149999999359
133,19720,-0.1500000000000001,0,nan,0.9466666666666667,0.901399999999354
134,19856,0.8639999999999999,1,nan,0.9191176470588235,0.9007199999993496
135,20006,-0.1500000000000001,0,nan,0.9266666666666666,0.8999699999993447
136,20156,-0.1500000000000001,0,nan,0.9533333333333334,0.8992199999993398
137,20299,0.8569999999999999,1,nan,0.916083916083916,0.8985049999993351
138,20445,0.8539999999999999,1,nan,0.9246575342465754,0.8977749999993303
139,20588,0.8569999999999999,1,nan,0.9440559440559441,0.8970599999993256
140,20730,0.8579999999999999,1,nan,0.9436619718309859,0.896349999999321
141,20873,0.8569999999999999,1,nan,0.916083916083916,0.8956349999993163
142,21023,-0.1500000000000001,0,nan,0.9466666666666667,0.8948849999993114
143,21163,0.8599999999999999,1,nan,0.8857142857142857,0.8941849999993068
144,21308,0.8549999999999999,1,nan,0.9310344827586207,0.893459999999302
145,21456,0.8519999999999999,1,nan,0.9459459459459459,0.8927199999992972
146,21606,-0.1500000000000001,0,nan,0.86,0.8919699999992923
147,21756,-0.1500000000000001,0,nan,0.9333333333333333,0.8912199999992874
148,21899,0.8569999999999999,1,nan,0.958041958041958,0.8905049999992827
149,22041,0.8579999999999999,1,0.06,0.9014084507042254,0.889794999999278
150,22191,-0.1500000000000001,0,nan,0.9,0.8890449999992731
151,22341,-0.1500000000000001,0,nan,0.9133333333333333,0.8882949999992682
152,22491,-0.1500000000000001,0,nan,0.9,0.8875449999992633
153,22641,-0.1500000000000001,0,nan,0.88,0.8867949999992584
154,22791,-0.1500000000000001,0,nan,0.92,0.8860449999992535
155,22930,0.8609999999999999,1,nan,0.8848920863309353,0.8853499999992489
156,23080,-0.1500000000000001,0,nan,0.9266666666666666,0.884599999999244
157,23230,-0.1500000000000001,0,nan,0.8533333333333334,0.8838499999992391
158,23380,-0.1500000000000001,0,nan,0.94,0.8830999999992342
159,23530,-0.1500000000000001,0,nan,0.8933333333333333,0.8823499999992293
160,23680,-0.1500000000000001,0,nan,0.9266666666666666,0.8815999999992243
161,23830,-0.1500000000000001,0,nan,0.9,0.8808499999992194
162,23975,0.8549999999999999,1,nan,0.9379310344827586,0.8801249999992147
163,24113,0.8619999999999999,1,nan,0.9202898550724637,0.8794349999992102
164,24263,-0.1500000000000001,0,nan,0.94,0.8786849999992052
165,24403,0.8599999999999999,1,nan,0.8785714285714286,0.8779849999992007
166,24547,0.8559999999999999,1,nan,0.8888888888888888,0.8772649999991959
167,24686,0.8609999999999999,1,nan,0.8776978417266187,0.8765699999991914
168,24836,-0.1500000000000001,0,nan,0.9066666666666666,0.8758199999991865
169,24981,0.8549999999999999,1,nan,0.9103448275862069,0.8750949999991817
170,25131,-0.1500000000000001,0,nan,0.8866666666666667,0.8743449999991768
171,25281,-0.1500000000000001,0,nan,0.9066666666666666,0.8735949999991719
172,25417,0.8639999999999999,1,nan,0.9485294117647058,0.8729149999991674
173,25567,-0.1500000000000001,0,nan,0.9333333333333333,0.8721649999991625
174,25708,0.8589999999999999,1,nan,0.9148936170212766,0.8714599999991579
175,25853,0.8549999999999999,1,nan,0.903448275862069,0.8707349999991532
176,26003,-0.1500000000000001,0,nan,0.9133333333333333,0.8699849999991482
177,26153,-0.1500000000000001,0,nan,0.9133333333333333,0.8692349999991433
178,26294,0.8589999999999999,1,nan,0.9432624113475178,0.8685299999991387
179,26444,-0.1500000000000001,0,0.27,0.88,0.8677799999991338
180,26584,0.8599999999999999,1,nan,0.9142857142857143,0.8670799999991292
181,26734,-0.1500000000000001,0,nan,0.9,0.8663299999991243
182,26884,-0.1500000000000001,0,nan,0.92,0.8655799999991194
183,27034,-0.1500000000000001,0,nan,0.9266666666666666,0.8648299999991145
184,27184,-0.1500000000000001,0,nan,0.9,0.8640799999991096
185,27334,-0.1500000000000001,0,nan,0.92,0.8633299999991046
186,27484,-0.1500000000000001,0,nan,0.8666666666666667,0.8625799999990997
187,27634,-0.1500000000000001,0,nan,0.8866666666666667,0.8618299999990948
188,27780,0.8539999999999999,1,nan,0.910958904109589,0.86109999999909
189,27920,0.8599999999999999,1,nan,0.9142857142857143,0.8603999999990855
190,28070,0.8499999999999999,1,nan,0.9,0.8596499999990805
191,28220,-0.1500000000000001,0,nan,0.9133333333333333,0.8588999999990756
192,28370,-0.1500000000000001,0,nan,0.8933333333333333,0.8581499999990707
193,28520,-0.1500000000000001,0,nan,0.9133333333333333,0.8573999999990658
194,28670,-0.1500000000000001,0,nan,0.84,0.8566499999990609
195,28820,-0.1500000000000001,0,nan,0.8933333333333333,0.855899999999056
196,28968,0.8519999999999999,1,nan,0.9256756756756757,0.8551599999990511
197,29110,0.8579999999999999,1,nan,0.9225352112676056,0.8544499999990465
198,29256,0.8539999999999999,1,nan,0.9178082191780822,0.8537199999990417
199,29394,0.8619999999999999,1,nan,0.8115942028985508,0.8530299999990372
200,29544,-0.1500000000000001,0,nan,0.8866666666666667,0.8522799999990323
201,29694,-0.1500000000000001,0,nan,0.88,0.8515299999990273
202,29844,-0.1500000000000001,0,nan,0.8933333333333333,0.8507799999990224
203,29994,-0.1500000000000001,0,nan,0.8666666666666667,0.8500299999990175
204,30144,-0.1500000000000001,0,nan,0.86,0.8492799999990126
205,30281,0.8629999999999999,1,nan,0.8978102189781022,0.8485949999990081
206,30431,-0.1500000000000001,0,nan,0.8733333333333333,0.8478449999990032
207,30581,-0.1500000000000001,0,nan,0.8733333333333333,0.8470949999989983
208,30731,-0.1500000000000001,0,nan,0.8666666666666667,0.8463449999989934
209,30877,0.8539999999999999,1,0.14,0.8698630136986302,0.8456149999989886
210,31027,-0.1500000000000001,0,nan,0.9133333333333333,0.8448649999989837
211,31176,0.8509999999999999,1,nan,0.9060402684563759,0.8441199999989788
212,31326,-0.1500000000000001,0,nan,0.92,0.8433699999989739
213,31476,-0.1500000000000001,0,nan,0.8333333333333334,0.842619999998969
214,31616,0.8599999999999999,1,nan,0.8928571428571429,0.8419199999989644
215,31753,0.8629999999999999,1,nan,0.8978102189781022,0.8412349999989599
216,31898,0.8549999999999999,1,nan,0.903448275862069,0.8405099999989551
217,32048,-0.1500000000000001,0,nan,0.88,0.8397599999989502
218,32198,-0.1500000000000001,0,nan,0.9133333333333333,0.8390099999989453
219,32341,0.8569999999999999,1,nan,0.8041958041958042,0.8382949999989406
220,32491,-0.1500000000000001,0,nan,0.8933333333333333,0.8375449999989357
221,32641,-0.1500000000000001,0,nan,0.88,0.8367949999989308
222,32786,0.8549999999999999,1,nan,0.8896551724137931,0.8360699999989261
223,32925,0.8609999999999999,1,nan,0.8633093525179856,0.8353749999989215
224,33075,-0.1500000000000001,0,nan,0.9333333333333333,0.8346249999989166
225,33220,0.8549999999999999,1,nan,0.8344827586206897,0.8338999999989118
226,33358,0.8619999999999999,1,nan,0.8405797101449275,0.8332099999989073
227,33508,-0.1500000000000001,0,nan,0.8933333333333333,0.8324599999989024
228,33658,-0.1500000000000001,0,nan,0.8866666666666667,0.8317099999988975
229,33799,0.8589999999999999,1,nan,0.8794326241134752,0.8310049999988929
230,33949,-0.1500000000000001,0,nan,0.82,0.830254999998888
231,34091,0.8579999999999999,1,nan,0.8309859154929577,0.8295449999988833
232,34237,0.8539999999999999,1,nan,0.8698630136986302,0.8288149999988785
233,34387,-0.1500000000000001,0,nan,0.8866666666666667,0.8280649999988736
234,34537,-0.1500000000000001,0,nan,0.8733333333333333,0.8273149999988687
235,34687,-0.1500000000000001,0,nan,0.88,0.8265649999988638
236,34837,-0.1500000000000001,0,nan,0.8466666666666667,0.8258149999988589
237,34987,-0.1500000000000001,0,nan,0.8266666666666667,0.825064999998854
238,35132,0.8549999999999999,1,nan,0.8413793103448276,0.8243399999988492
239,35282,-0.1500000000000001,0,0.22,0.8933333333333333,0.8235899999988443
240,35432,-0.1500000000000001,0,nan,0.7933333333333333,0.8228399999988394
241,35582,-0.1500000000000001,0,nan,0.88,0.8220899999988345
242,35732,-0.1500000000000001,0,nan,0.86,0.8213399999988296
243,35882,-0.1500000000000001,0,nan,0.88,0.8205899999988246
244,36032,0.8499999999999999,1,nan,0.88,0.8198399999988197
245,36182,-0.1500000000000001,0,nan,0.8466666666666667,0.8190899999988148
246,36327,0.8549999999999999,1,nan,0.9310344827586207,0.8183649999988101
247,36477,-0.1500000000000001,0,nan,0.8466666666666667,0.8176149999988052
248,36627,-0.1500000000000001,0,nan,0.8733333333333333,0.8168649999988002
249,36777,-0.1500000000000001,0,nan,0.8933333333333333,0.8161149999987953
250,36927,-0.1500000000000001,0,nan,0.8866666666666667,0.8153649999987904
251,37077,-0.1500000000000001,0,nan,0.9133333333333333,0.8146149999987855
252,37227,-0.1500000000000001,0,nan,0.8333333333333334,0.8138649999987806
253,37377,-0.1500000000000001,0,nan,0.8933333333333333,0.8131149999987757
254,37527,-0.1500000000000001,0,nan,0.8066666666666666,0.8123649999987708
255,37675,0.8519999999999999,1,nan,0.8175675675675675,0.8116249999987659
256,37814,0.8609999999999999,1,nan,0.8129496402877698,0.8109299999987614
257,37964,-0.1500000000000001,0,nan,0.8866666666666667,0.8101799999987565
258,38100,0.8639999999999999,1,nan,0.8602941176470589,0.809499999998752
259,38246,0.8539999999999999,1,nan,0.8835616438356164,0.8087699999987472
260,38396,-0.1500000000000001,0,nan,0.8333333333333334,0.8080199999987423
261,38543,0.8529999999999999,1,nan,0.8775510204081632,0.8072849999987375
262,38693,-0.1500000000000001,0,nan,0.88,0.8065349999987326
263,38835,0.8579999999999999,1,nan,0.8873239436619719,0.8058249999987279
264,38974,0.8609999999999999,1,nan,0.8633093525179856,0.8051299999987234
265,39113,0.8609999999999999,1,nan,0.8992805755395683,0.8044349999987188
266,39253,0.8599999999999999,1,nan,0.8071428571428572,0.8037349999987142
267,39403,-0.1500000000000001,0,nan,0.8,0.8029849999987093
268,39550,0.8529999999999999,1,nan,0.8435374149659864,0.8022499999987045
269,39693,0.8569999999999999,1,0.07,0.8671328671328671,0.8015349999986998
270,39843,-0.1500000000000001,0,nan,0.8733333333333333,0.8007849999986949
271,39983,0.8599999999999999,1,nan,0.8571428571428571,0.8000849999986903
272,40123,0.8599999999999999,1,nan,0.8571428571428571,0.7993849999986857
273,40273,-0.1500000000000001,0,nan,0.8333333333333334,0.7986349999986808
274,40423,-0.1500000000000001,0,nan,0.9,0.7978849999986759
275,40566,0.8569999999999999,1,nan,0.8251748251748252,0.7971699999986712
276,40707,0.8589999999999999,1,nan,0.8581560283687943,0.7964649999986666
277,40853,0.8539999999999999,1,nan,0.8698630136986302,0.7957349999986618
278,41003,-0.1500000000000001,0,nan,0.8133333333333334,0.7949849999986569
279,41153,-0.1500000000000001,0,nan,0.92,0.794234999998652
280,41298,0.8549999999999999,1,nan,0.8689655172413793,0.7935099999986472
281,41448,0.8499999999999999,1,nan,0.8866666666666667,0.7927599999986423
282,41595,0.8529999999999999,1,nan,0.8095238095238095,0.7920249999986375
283,41735,0.8599999999999999,1,nan,0.8357142857142857,0.7913249999986329
284,41885,-0.1500000000000001,0,nan,0.84,0.790574999998628
285,42032,0.8529999999999999,1,nan,0.8231292517006803,0.7898399999986232
286,42182,-0.1500000000000001,0,nan,0.8733333333333333,0.7890899999986183
287,42332,-0.1500000000000001,0,nan,0.8133333333333334,0.7883399999986134
288,42482,-0.1500000000000001,0,nan,0.88,0.7875899999986085
289,42632,-0.1500000000000001,0,nan,0.8333333333333334,0.7868399999986035
290,42782,-0.1500000000000001,0,nan,0.88,0.7860899999985986
291,42932,-0.1500000000000001,0,nan,0.8333333333333334,0.7853399999985937
292,43075,0.8569999999999999,1,nan,0.8251748251748252,0.784624999998589
293,43224,0.8509999999999999,1,nan,0.7919463087248322,0.7838799999985842
294,43374,-0.1500000000000001,0,nan,0.86,0.7831299999985792
295,43523,0.8509999999999999,1,nan,0.825503355704698,0.7823849999985744
296,43673,-0.1500000000000001,0,nan,0.8466666666666667,0.7816349999985694
297,43823,-0.1500000000000001,0,nan,0.86,0.7808849999985645
298,43969,0.8539999999999999,1,nan,0.8561643835616438,0.7801549999985598
299,44110,0.8589999999999999,1,0.07,0.851063829787234,0.7794499999985551
300,44260,-0.1500000000000001,0,nan,0.8133333333333334,0.7786999999985502
301,44410,-0.1500000000000001,0,nan,0.86,0.7779499999985453
302,44560,-0.1500000000000001,0,nan,0.86,0.7771999999985404
303,44704,0.8559999999999999,1,nan,0.8263888888888888,0.7764799999985357
304,44846,0.8579999999999999,1,nan,0.8309859154929577,0.775769999998531
305,44989,0.8569999999999999,1,nan,0.7552447552447552,0.7750549999985263
306,45130,0.8589999999999999,1,nan,0.8226950354609929,0.7743499999985217
307,45280,-0.1500000000000001,0,nan,0.84,0.7735999999985168
308,45415,0.8649999999999999,1,nan,0.8740740740740741,0.7729249999985124
309,45561,0.8539999999999999,1,nan,0.8287671232876712,0.7721949999985076
310,45702,0.8589999999999999,1,nan,0.8226950354609929,0.771489999998503
311,45852,-0.1500000000000001,0,nan,0.8666666666666667,0.7707399999984981
312,46000,0.8519999999999999,1,nan,0.8243243243243243,0.7699999999984932
313,46142,0.8579999999999999,1,nan,0.8309859154929577,0.7692899999984886
314,46292,-0.1500000000000001,0,nan,0.86,0.7685399999984837
315,46436,0.8559999999999999,1,nan,0.8819444444444444,0.7678199999984789
316,46580,0.8559999999999999,1,nan,0.7638888888888888,0.7670999999984742
317,46720,0.8599999999999999,1,nan,0.8214285714285714,0.7663999999984696
318,46870,-0.1500000000000001,0,nan,0.7666666666666667,0.7656499999984647
319,47020,-0.1500000000000001,0,nan,0.7933333333333333,0.7648999999984598
320,47165,0.8549999999999999,1,nan,0.8,0.7641749999984551
321,47315,-0.1500000000000001,0,nan,0.7733333333333333,0.7634249999984501
322,47456,0.8589999999999999,1,nan,0.8014184397163121,0.7627199999984455
323,47600,0.8559999999999999,1,nan,0.8263888888888888,0.7619999999984408
324,47738,0.8619999999999999,1,nan,0.8623188405797102,0.7613099999984363
325,47886,0.8519999999999999,1,nan,0.7905405405405406,0.7605699999984314
326,48027,0.8589999999999999,1,nan,0.8652482269503546,0.7598649999984268
327,48167,0.8599999999999999,1,nan,0.8285714285714286,0.7591649999984222
328,48317,-0.1500000000000001,0,nan,0.7866666666666666,0.7584149999984173
329,48467,-0.1500000000000001,0,0.3,0.8,0.7576649999984124
330,48614,0.8529999999999999,1,nan,0.8503401360544217,0.7569299999984076
331,48764,-0.1500000000000001,0,nan,0.8,0.7561799999984027
332,48909,0.8549999999999999,1,nan,0.8551724137931035,0.7554549999983979
333,49059,-0.1500000000000001,0,nan,0.8533333333333334,0.754704999998393
334,49209,-0.1500000000000001,0,nan,0.8266666666666667,0.7539549999983881
335,49359,-0.1500000000000001,0,nan,0.84,0.7532049999983832
336,49509,-0.1500000000000001,0,nan,0.8733333333333333,0.7524549999983783
337,49659,-0.1500000000000001,0,nan,0.7333333333333333,0.7517049999983734
338,49808,0.8509999999999999,1,nan,0.8187919463087249,0.7509599999983685
339,49958,0.8499999999999999,1,nan,0.8133333333333334,0.7502099999983636
340,50108,-0.1500000000000001,0,nan,0.7666666666666667,0.7494599999983587
341,50258,-0.1500000000000001,0,nan,0.8066666666666666,0.7487099999983537
342,50408,-0.1500000000000001,0,nan,0.8333333333333334,0.7479599999983488
343,50555,0.8529999999999999,1,nan,0.8435374149659864,0.747224999998344
344,50705,-0.1500000000000001,0,nan,0.8133333333333334,0.7464749999983391
345,50855,-0.1500000000000001,0,nan,0.84,0.7457249999983342
346,51005,-0.1500000000000001,0,nan,0.86,0.7449749999983293
347,51155,-0.1500000000000001,0,nan,0.88,0.7442249999983244
348,51296,0.8589999999999999,1,nan,0.8581560283687943,0.7435199999983197
349,51442,0.8539999999999999,1,nan,0.7808219178082192,0.742789999998315
350,51584,0.8579999999999999,1,nan,0.7464788732394366,0.7420799999983103
351,51730,0.8539999999999999,1,nan,0.7808219178082192,0.7413499999983055
352,51872,0.8579999999999999,1,nan,0.823943661971831,0.7406399999983009
353,52012,0.8599999999999999,1,nan,0.8428571428571429,0.7399399999982963
354,52162,0.8499999999999999,1,nan,0.74,0.7391899999982914
355,52312,-0.1500000000000001,0,nan,0.8133333333333334,0.7384399999982865
356,52462,-0.1500000000000001,0,nan,0.78,0.7376899999982816
357,52610,0.8519999999999999,1,nan,0.777027027027027,0.7369499999982767
358,52760,-0.1500000000000001,0,nan,0.84,0.7361999999982718
359,52910,-0.1500000000000001,0,0.1,0.8266666666666667,0.7354499999982669
360,53056,0.8539999999999999,1,nan,0.815068493150685,0.7347199999982621
361,53206,-0.1500000000000001,0,nan,0.7933333333333333,0.7339699999982572
362,53349,0.8569999999999999,1,nan,0.7832167832167832,0.7332549999982525
363,53490,0.8589999999999999,1,nan,0.8936170212765957,0.7325499999982479
364,53640,-0.1500000000000001,0,nan,0.8533333333333334,0.731799999998243
365,53790,-0.1500000000000001,0,nan,0.8466666666666667,0.731049999998238
366,53940,-0.1500000000000001,0,nan,0.78,0.7302999999982331
367,54090,-0.1500000000000001,0,nan,0.8333333333333334,0.7295499999982282
368,54234,0.8559999999999999,1,nan,0.9097222222222222,0.7288299999982235
369,54373,0.8609999999999999,1,nan,0.841726618705036,0.728134999998219
370,54514,0.8589999999999999,1,nan,0.7163120567375887,0.7274299999982143
371,54664,0.8499999999999999,1,nan,0.7933333333333333,0.7266799999982094
372,54807,0.8569999999999999,1,nan,0.7692307692307693,0.7259649999982047
373,54955,0.8519999999999999,1,nan,0.8378378378378378,0.7252249999981999
374,55105,-0.1500000000000001,0,nan,0.74,0.724474999998195
375,55255,-0.1500000000000001,0,nan,0.78,0.7237249999981901
376,55405,-0.1500000000000001,0,nan,0.8466666666666667,0.7229749999981852
377,55544,0.8609999999999999,1,nan,0.7985611510791367,0.7222799999981806
378,55694,-0.1500000000000001,0,nan,0.82,0.7215299999981757
379,55831,0.8629999999999999,1,nan,0.8102189781021898,0.7208449999981712
380,55981,-0.1500000000000001,0,nan,0.82,0.7200949999981663
381,56120,0.8609999999999999,1,nan,0.8776978417266187,0.7193999999981617
382,56259,0.8609999999999999,1,nan,0.841726618705036,0.7187049999981572
383,56403,0.8559999999999999,1,nan,0.7361111111111112,0.7179849999981525
384,56553,-0.1500000000000001,0,nan,0.7933333333333333,0.7172349999981475
385,56703,-0.1500000000000001,0,nan,0.8333333333333334,0.7164849999981426
386,56853,-0.1500000000000001,0,nan,0.76,0.7157349999981377
387,57003,-0.1500000000000001,0,nan,0.72,0.7149849999981328
388,57151,0.8519999999999999,1,nan,0.7972972972972973,0.714244999998128
389,57301,-0.1500000000000001,0,0.31,0.8266666666666667,0.713494999998123
390,57449,0.8519999999999999,1,nan,0.8108108108108109,0.7127549999981182
391,57599,-0.1500000000000001,0,nan,0.78,0.7120049999981133
392,57736,0.8629999999999999,1,nan,0.8394160583941606,0.7113199999981088
393,57881,0.8549999999999999,1,nan,0.7862068965517242,0.710594999998104
394,58031,-0.1500000000000001,0,nan,0.7866666666666666,0.7098449999980991
395,58181,-0.1500000000000001,0,nan,0.8066666666666666,0.7090949999980942
396,58327,0.8539999999999999,1,nan,0.7808219178082192,0.7083649999980894
397,58477,-0.1500000000000001,0,nan,0.8266666666666667,0.7076149999980845
398,58616,0.8609999999999999,1,nan,0.7769784172661871,0.70691999999808
399,58763,0.8529999999999999,1,nan,0.8027210884353742,0.7061849999980752
400,58913,-0.1500000000000001,0,nan,0.74,0.7054349999980702
401,59063,-0.1500000000000001,0,nan,0.8066666666666666,0.7046849999980653
402,59213,-0.1500000000000001,0,nan,0.8733333333333333,0.7039349999980604
403,59363,-0.1500000000000001,0,nan,0.76,0.7031849999980555
404,59513,0.8499999999999999,1,nan,0.78,0.7024349999980506
405,59663,-0.1500000000000001,0,nan,0.72,0.7016849999980457
406,59813,-0.1500000000000001,0,nan,0.7666666666666667,0.7009349999980408
407,59958,0.8549999999999999,1,nan,0.7655172413793103,0.700209999998036
408,60108,-0.1500000000000001,0,nan,0.8266666666666667,0.6994599999980311
409,60258,-0.1500000000000001,0,nan,0.8266666666666667,0.6987099999980262
410,60401,0.8569999999999999,1,nan,0.7622377622377622,0.6979949999980215
411,60551,-0.1500000000000001,0,nan,0.7933333333333333,0.6972449999980166
412,60694,0.8569999999999999,1,nan,0.7762237762237763,0.6965299999980119
413,60844,-0.1500000000000001,0,nan,0.8133333333333334,0.695779999998007
414,60994,-0.1500000000000001,0,nan,0.8066666666666666,0.6950299999980021
415,61144,-0.1500000000000001,0,nan,0.78,0.6942799999979972
416,61294,-0.1500000000000001,0,nan,0.8066666666666666,0.6935299999979923
417,61444,-0.1500000000000001,0,nan,0.7533333333333333,0.6927799999979873
418,61584,0.8599999999999999,1,nan,0.75,0.6920799999979828
419,61730,0.8539999999999999,1,0.08,0.7876712328767124,0.691349999997978
420,61880,-0.1500000000000001,0,nan,0.78,0.6905999999979731
421,62030,-0.1500000000000001,0,nan,0.6933333333333334,0.6898499999979681
422,62172,0.8579999999999999,1,nan,0.7887323943661971,0.6891399999979635
423,62322,-0.1500000000000001,0,nan,0.7266666666666667,0.6883899999979586
424,62464,0.8579999999999999,1,nan,0.8380281690140845,0.6876799999979539
425,62614,-0.1500000000000001,0,nan,0.7666666666666667,0.686929999997949
426,62764,-0.1500000000000001,0,nan,0.78,0.6861799999979441
427,62914,-0.1500000000000001,0,nan,0.8,0.6854299999979392
428,63064,-0.1500000000000001,0,nan,0.7466666666666667,0.6846799999979343
429,63211,0.8529999999999999,1,nan,0.782312925170068,0.6839449999979295
430,63349,0.8619999999999999,1,nan,0.7463768115942029,0.6832549999979249
431,63498,0.8509999999999999,1,nan,0.7583892617449665,0.6825099999979201
432,63645,0.8529999999999999,1,nan,0.7074829931972789,0.6817749999979152
433,63795,-0.1500000000000001,0,nan,0.72,0.6810249999979103
434,63939,0.8559999999999999,1,nan,0.8333333333333334,0.6803049999979056
435,64079,0.8599999999999999,1,nan,0.7642857142857142,0.679604999997901
436,64225,0.8539999999999999,1,nan,0.773972602739726,0.6788749999978962
437,64375,-0.1500000000000001,0,nan,0.8,0.6781249999978913
438,64525,-0.1500000000000001,0,nan,0.82,0.6773749999978864
439,64675,0.8499999999999999,1,nan,0.7333333333333333,0.6766249999978815
440,64825,-0.1500000000000001,0,nan,0.7733333333333333,0.6758749999978766
441,64968,0.8569999999999999,1,nan,0.7412587412587412,0.6751599999978719
442,65118,-0.1500000000000001,0,nan,0.7466666666666667,0.674409999997867
443,65263,0.8549999999999999,1,nan,0.8,0.6736849999978622
444,65409,0.8539999999999999,1,nan,0.7808219178082192,0.6729549999978575
445,65559,-0.1500000000000001,0,nan,0.8066666666666666,0.6722049999978525
446,65701,0.8579999999999999,1,nan,0.7816901408450704,0.6714949999978479
447,65851,-0.1500000000000001,0,nan,0.7333333333333333,0.670744999997843
448,65997,0.8539999999999999,1,nan,0.726027397260274,0.6700149999978382
449,66147,-0.1500000000000001,0,0.34,0.6866666666666666,0.6692649999978333
450,66297,-0.1500000000000001,0,nan,0.8133333333333334,0.6685149999978284
451,66447,-0.1500000000000001,0,nan,0.7933333333333333,0.6677649999978235
452,66594,0.8529999999999999,1,nan,0.7551020408163265,0.6670299999978186
453,66744,-0.1500000000000001,0,nan,0.7533333333333333,0.6662799999978137
454,66886,0.8579999999999999,1,nan,0.7464788732394366,0.6655699999978091
455,67036,-0.1500000000000001,0,nan,0.82,0.6648199999978042
456,67180,0.8559999999999999,1,nan,0.7916666666666666,0.6640999999977995
457,67321,0.8589999999999999,1,nan,0.8156028368794326,0.6633949999977948
458,67460,0.8609999999999999,1,nan,0.7050359712230215,0.6626999999977903
459,67597,0.8629999999999999,1,nan,0.7445255474452555,0.6620149999977858
460,67747,-0.1500000000000001,0,nan,0.7533333333333333,0.6612649999977809
461,67886,0.8609999999999999,1,nan,0.7266187050359713,0.6605699999977763
462,68026,0.8599999999999999,1,nan,0.7,0.6598699999977717
463,68165,0.8609999999999999,1,nan,0.7841726618705036,0.6591749999977672
464,68315,-0.1500000000000001,0,nan,0.7666666666666667,0.6584249999977623
465,68465,-0.1500000000000001,0,nan,0.7733333333333333,0.6576749999977574
466,68603,0.8619999999999999,1,nan,0.7608695652173914,0.6569849999977528
467,68753,-0.1500000000000001,0,nan,0.7133333333333334,0.6562349999977479
468,68890,0.8629999999999999,1,nan,0.7445255474452555,0.6555499999977434
469,69036,0.8539999999999999,1,nan,0.8013698630136986,0.6548199999977387
470,69177,0.8589999999999999,1,nan,0.75177304964539,0.654114999997734
471,69327,-0.1500000000000001,0,nan,0.8666666666666667,0.6533649999977291
472,69477,-0.1500000000000001,0,nan,0.8066666666666666,0.6526149999977242
473,69626,0.8509999999999999,1,nan,0.7583892617449665,0.6518699999977193
474,69776,-0.1500000000000001,0,nan,0.7533333333333333,0.6511199999977144
475,69912,0.8639999999999999,1,nan,0.7941176470588235,0.65043999999771
476,70059,0.8529999999999999,1,nan,0.7755102040816326,0.6497049999977051
477,70196,0.8629999999999999,1,nan,0.7956204379562044,0.6490199999977007
478,70336,0.8599999999999999,1,nan,0.7428571428571429,0.6483199999976961
479,70475,0.8609999999999999,1,0.46,0.7841726618705036,0.6476249999976915
480,70625,-0.1500000000000001,0,nan,0.76,0.6468749999976866
481,70775,-0.1500000000000001,0,nan,0.88,0.6461249999976817
482,70920,0.8549999999999999,1,nan,0.8344827586206897,0.6453999999976769
483,71070,-0.1500000000000001,0,nan,0.7266666666666667,0.644649999997672
484,71220,-0.1500000000000001,0,nan,0.6666666666666666,0.6438999999976671
485,71370,0.8499999999999999,1,nan,0.6533333333333333,0.6431499999976622
486,71520,-0.1500000000000001,0,nan,0.76,0.6423999999976573
487,71670,-0.1500000000000001,0,nan,0.76,0.6416499999976524
488,71807,0.8629999999999999,1,nan,0.7664233576642335,0.6409649999976479
489,71943,0.8639999999999999,1,nan,0.7058823529411765,0.6402849999976434
490,72093,-0.1500000000000001,0,nan,0.7733333333333333,0.6395349999976385
491,72239,0.8539999999999999,1,nan,0.7054794520547946,0.6388049999976337
492,72387,0.8519999999999999,1,nan,0.7364864864864865,0.6380649999976289
493,72537,-0.1500000000000001,0,nan,0.6533333333333333,0.637314999997624
494,72683,0.8539999999999999,1,nan,0.7191780821917808,0.6365849999976192
495,72823,0.8599999999999999,1,nan,0.6928571428571428,0.6358849999976146
496,72962,0.8609999999999999,1,nan,0.7841726618705036,0.63518999999761
497,73108,0.8539999999999999,1,nan,0.8013698630136986,0.6344599999976053
498,73258,-0.1500000000000001,0,nan,0.8533333333333334,0.6337099999976004
499,73408,0.8499999999999999,1,nan,0.6866666666666666,0.6329599999975954
500,73558,0.8499999999999999,1,nan,0.76,0.6322099999975905
501,73708,-0.1500000000000001,0,nan,0.72,0.6314599999975856
502,73858,-0.1500000000000001,0,nan,0.7266666666666667,0.6307099999975807
503,74002,0.8559999999999999,1,nan,0.6805555555555556,0.629989999997576
504,74148,0.8539999999999999,1,nan,0.7397260273972602,0.6292599999975712
505,74298,-0.1500000000000001,0,nan,0.8066666666666666,0.6285099999975663
506,74440,0.8579999999999999,1,nan,0.6549295774647887,0.6277999999975616
507,74582,0.8579999999999999,1,nan,0.8380281690140845,0.627089999997557
508,74724,0.8579999999999999,1,nan,0.7746478873239436,0.6263799999975523
509,74874,-0.1500000000000001,0,0.56,0.7533333333333333,0.6256299999975474
510,75024,-0.1500000000000001,0,nan,0.7533333333333333,0.6248799999975425
511,75170,0.8539999999999999,1,nan,0.6986301369863014,0.6241499999975377
512,75320,-0.1500000000000001,0,nan,0.8133333333333334,0.6233999999975328
513,75470,-0.1500000000000001,0,nan,0.76,0.6226499999975279
514,75606,0.8639999999999999,1,nan,0.7941176470588235,0.6219699999975234
515,75747,0.8589999999999999,1,nan,0.7304964539007093,0.6212649999975188
516,75897,-0.1500000000000001,0,nan,0.5933333333333334,0.6205149999975139
517,76047,-0.1500000000000001,0,nan,0.7066666666666667,0.619764999997509
518,76197,-0.1500000000000001,0,nan,0.7466666666666667,0.6190149999975041
519,76347,-0.1500000000000001,0,nan,0.72,0.6182649999974992
520,76497,-0.1500000000000001,0,nan,0.72,0.6175149999974943
521,76631,0.8659999999999999,1,nan,0.8134328358208955,0.6168449999974899
522,76775,0.8559999999999999,1,nan,0.7013888888888888,0.6161249999974852
523,76915,0.8599999999999999,1,nan,0.75,0.6154249999974806
524,77055,0.8599999999999999,1,nan,0.7142857142857143,0.614724999997476
525,77205,-0.1500000000000001,0,nan,0.68,0.6139749999974711
526,77355,-0.1500000000000001,0,nan,0.8066666666666666,0.6132249999974662
527,77500,0.8549999999999999,1,nan,0.7517241379310344,0.6124999999974614
528,77650,-0.1500000000000001,0,nan,0.7066666666666667,0.6117499999974565
529,77794,0.8559999999999999,1,nan,0.7291666666666666,0.6110299999974518
530,77944,0.8499999999999999,1,nan,0.76,0.6102799999974469
531,78094,-0.1500000000000001,0,nan,0.7,0.609529999997442
532,78244,-0.1500000000000001,0,nan,0.72,0.608779999997437
533,78390,0.8539999999999999,1,nan,0.7534246575342466,0.6080499999974323
534,78540,-0.1500000000000001,0,nan,0.6666666666666666,0.6072999999974273
535,78690,0.8499999999999999,1,nan,0.74,0.6065499999974224
536,78832,0.8579999999999999,1,nan,0.647887323943662,0.6058399999974178
537,78982,-0.1500000000000001,0,nan,0.7,0.6050899999974129
538,79130,0.8519999999999999,1,nan,0.7094594594594594,0.604349999997408
